{
  "IcoMoonType": "selection",
  "icons": [
    {
      "icon": {
        "paths": [
          "M1024 85.333l-1024 480 327.251 101.001 504.749-394.334-383.927 431.629 0.311 0.098-0.384-0.098v235.038l183.522-178.419 232.482 71.753 159.996-746.667z"
        ],
        "attrs": [
          {
            "fill": "rgb(255, 255, 255)"
          }
        ],
        "isMulticolor": false,
        "isMulticolor2": false,
        "grid": 0,
        "tags": [
          "Frame 3"
        ]
      },
      "attrs": [
        {
          "fill": "rgb(255, 255, 255)"
        }
      ],
      "properties": {
        "order": 22,
        "id": 3,
        "name": "Frame-3",
        "prevSize": 32
      },
      "setIdx": 0,
      "setId": 6,
      "iconIdx": 0
    },
    {
      "icon": {
        "paths": [
          "M512 512c94.293 0 170.667-76.373 170.667-170.667s-76.373-170.667-170.667-170.667c-94.293 0-170.667 76.373-170.667 170.667s76.373 170.667 170.667 170.667zM512 597.333c-113.92 0-341.333 57.173-341.333 170.667v42.667c0 23.467 19.2 42.667 42.667 42.667h597.333c23.467 0 42.667-19.2 42.667-42.667v-42.667c0-113.493-227.413-170.667-341.333-170.667z"
        ],
        "attrs": [
          {}
        ],
        "isMulticolor": false,
        "isMulticolor2": false,
        "grid": 0,
        "tags": [
          "person-black-18dp 1"
        ]
      },
      "attrs": [
        {}
      ],
      "properties": {
        "order": 21,
        "id": 2,
        "name": "person-black-18dp-1",
        "prevSize": 32
      },
      "setIdx": 0,
      "setId": 6,
      "iconIdx": 1
    },
    {
      "icon": {
        "paths": [
          "M628.322 591.578l-78.43-8.956c-18.833-2.159-37.359 4.326-50.637 17.6l-56.815 56.815c-87.381-44.463-159.016-115.789-203.479-203.477l57.122-57.125c13.277-13.277 19.761-31.803 17.6-50.639l-8.954-77.81c-3.705-31.186-29.951-54.653-61.445-54.653h-53.417c-34.891 0-63.916 29.024-61.754 63.916 16.365 263.692 227.255 474.273 490.634 490.636 34.893 2.163 63.915-26.863 63.915-61.751v-53.419c0.311-31.185-23.155-57.429-54.34-61.137z"
        ],
        "attrs": [
          {}
        ],
        "width": 768,
        "isMulticolor": false,
        "isMulticolor2": false,
        "grid": 0,
        "tags": [
          "phone-black-18dp 1"
        ]
      },
      "attrs": [
        {}
      ],
      "properties": {
        "order": 20,
        "id": 1,
        "name": "phone-black-18dp-1",
        "prevSize": 32
      },
      "setIdx": 0,
      "setId": 6,
      "iconIdx": 2
    },
    {
      "icon": {
        "paths": [
          "M1194.667 0h-1024c-70.4 0-127.36 57.6-127.36 128l-0.64 768c0 70.4 57.6 128 128 128h1024c70.4 0 128-57.6 128-128v-768c0-70.4-57.6-128-128-128zM1169.067 272l-452.48 282.88c-20.48 12.8-47.36 12.8-67.84 0l-452.48-282.88c-16-10.24-25.6-27.52-25.6-46.080 0-42.88 46.72-68.48 83.2-46.080l428.8 268.16 428.8-268.16c36.48-22.4 83.2 3.2 83.2 46.080 0 18.56-9.6 35.84-25.6 46.080z"
        ],
        "attrs": [
          {}
        ],
        "width": 1365,
        "isMulticolor": false,
        "isMulticolor2": false,
        "grid": 0,
        "tags": [
          "Vector"
        ]
      },
      "attrs": [
        {}
      ],
      "properties": {
        "order": 19,
        "id": 0,
        "name": "Vector",
        "prevSize": 32
      },
      "setIdx": 0,
      "setId": 6,
      "iconIdx": 3
    }
  ],
  "height": 1024,
  "preferences": {
    "showGlyphs": true,
    "showQuickUse": true,
    "showQuickUse2": true,
    "showSVGs": true,
    "fontPref": {
      "prefix": "icon-",
      "metadata": {
        "fontFamily": "icomoon"
      },
      "metrics": {
        "emSize": 1024,
        "baseline": 6.25,
        "whitespace": 50
      },
      "embed": false
    },
    "imagePref": {
      "prefix": "",
      "png": false,
      "useClassSelector": true,
      "color": 0,
      "bgColor": 16777215,
      "classSelector": ".icon",
      "name": "icomoon",
      "height": 32,
      "columns": 16,
      "margin": 16
    },
    "historySize": 50,
    "showCodes": true,
    "gridSize": 16
  }
}